Worksheet Name,Data.Data Element,Data.Description,Data.Domain,Data.FHIR,FHIR Resource Name,Data.Comments,Data.version,Data.Comments1,Data.USCDI,Data.HL7 Segment,,,,,,,,,,,,,,,
Ancillary Marts,AbnormalIndicator,Indicator if the lab result was abnormal,[SecondaryCenseoMarts].[Rubix].[FactAncillary_CompletedByLabs],Observation.interpretation,Observation,,,"high,low,normal etc",NA,,,,,,,,,,,,,,,,
Consol Client DB,AdjustmentDeletionCode,This field distinguishes original from adjusted or deleted PDE records so CMS can adjust claims and make accurate payment for revised PDE records. A = Adjustment D = Deletion Blank = Original PDE,Pharmacy,NA,TBD,,,,NA,,,,,,,,,,,,,,,,
Consol Client DB,AdmissionDate,Date of inpatient Admission,Claims,Encounter.hospitilization.date,Encounter,,v2,,Encounter Time,,,,,,,,,,,,,,,,
Consol Client DB,AdmitDiag,,Claims,Encounter.hospitilization.,Encounter,,"v1


v2",Encounter Diagnosis v2,Problems,,,,,,,,,,,,,,,,
Consol Client DB,AdmitSource,,Claims,Encounter.hospitilization.,Encounter,,,,NA,,,,,,,,,,,,,,,,
Consol Client DB,AdmitType,,Claims,Encounter.hospitilization.,TBD,,v2,,Encounter Type,,,,,,,,,,,,,,,,
Consol Client DB,AlternateMemberID_1,AlternateMemberID 1,Member,NA,TBD,Alternate ids,,L2 - Subscriber/Member Identifier,NA,,,,,,,,,,,,,,,,
Consol Client DB,AlternateMemberID_2,AlternateMemberID 2,Member,NA,TBD,,,L2 - Subscriber/Member Identifier,NA,,,,,,,,,,,,,,,,
Consol Client DB,Barcode/ SubscriberID,"Shown on their ID card, which will be used to file a claim",Member,Practitioner.identifier,Practitioner,Payor Subscriber ID,"v1


v2","If part of ""care team members""","Care Team Members
or
Provider Identifier",IN2-26,,,,,,,,,,,,,,,
Consol Client DB,BillAmount,Line Charged Amount,Claims,ClaimResponse.item.adjudication.amount,TBD,,,,NA,,,,,,,,,,,,,,,,
Consol Client DB,BillingProviderID,The plan provider ID for the provider who is billing the health plan for services rendered,Claims,practitioner.identifier,TBD,,"v1


v2","If part of ""care team members""","Care Team Members
or
Provider Identifier",,,,,,,,,,,,,,,,
Consol Client DB,BillingProviderNPI,National Provider ID of the billing provider,Claims,practitioner.identifier,TBD,,"v1


v2","If part of ""care team members""","Care Team Members
or
Provider Identifier",,,,,,,,,,,,,,,,
Consol Client DB,BillType,Line Billing Service Type Code,Claims,"ClaimResponse.addItem.category
Definition 
",ClaimResponse,,,,NA,,,,,,,,,,,,,,,,
Ancillary Marts,CarePlan,Care plan for DEE,[SecondaryCenseoMarts].[Rubix].[FactAncillary_CompletedByLabs],Observation.basedOn,Observation,,,references CarePlan,NA,,,,,,,,,,,,,,,,
Consol Client DB,CatastrophicCoverageCode,"This field indicates that a beneficiary has reached the out-of-pocket threshold or attachment point. At this point, catastrophic coverage provisions begin, namely reinsurance and reduced beneficiary cost sharing. A = Attachment point met on this event C = Above Attachment point Blank = Attachment point not met",Pharmacy,NA,TBD,,,,NA,,,,,,,,,,,,,,,,
Consol Client DB,CenseoID,Member Censeo ID,Claims,Coverage.subscriberId,Coverage,,,L2 - Subscriber/Member Identifier,NA,,,,,,,,,,,,,,,,
Consol Client DB,CenseoID,Unique ID for member provided by Signify,Eligibility,Coverage.subscriberId,Coverage,,,,NA,,,,,,,,,,,,,,,,
Consol Client DB,CenseoID,Signify assigned ID used to identify member,Member,Patient.identifier,Patient,Internal,,L2 - Identifier,NA,PID2,,,,,,,,,,,,,,,
Consol Client DB,CenseoID,Signify assigned ID used to identify member,Pharmacy,Patient.identfier,Patient,,,L2 - Subscriber/Member Identifier,NA,,,,,,,,,,,,,,,,
Consol Client DB,CenseoID,Unique ID for member provided by Signify,Provider,NA,TBD,,,,NA,,,,,,,,,,,,,,,,
Consol Client DB,ClaimEntryDate,Date Claim entered into Plan system,Claims,Claim.enter,Claim,,,,NA,,,,,,,,,,,,,,,,
Consol Client DB,ClaimLineNumber,The unique number by Claim Identifier that identifies the claim line within the Claim.,Claims,"Claim.item
",Claim,,,,NA,,,,,,,,,,,,,,,,
Consol Client DB,ClaimNumber,Claim Identifier including any Adjustment count indicators.,Claims,Claim.identifier,Claim,,,,NA,,,,,,,,,,,,,,,,
Consol Client DB,ClaimNumber,"Optional field, free-form field. It is intended for use by plans to identify unique events or for other plan purposes",Pharmacy,Claim.identifier,Claim,,,,NA,,,,,,,,,,,,,,,,
Consol Client DB,ClaimPaymentStatus,Claim Adjudication Status or definition of a business rule to identify such from other fields in feed.,Claims,claim.status(value set),Claim,,,,NA,,,,,,,,,,,,,,,,
Consol Client DB,CMSID / HIC_Number,Member’s Health Insurance Claims Number from CMS,Member,Coverage.subscriberId,Coverage,,,,NA,,,,,,,,,,,,,,,,
Consol Client DB,CompoundCode,0 = Not specified or 1 = Not a compound or 2 = Compound,Pharmacy,NA,MedicationStatement,,,Maybe Medications?,,,,,,,,,,,,,,,,,
Consol Client DB,Coverage_Start_Date,Start date for member eligibility in the current plan,Eligibility,Coverage.period,Coverage,,,L2 - Coverage Period,NA,,,,,,,,,,,,,,,,
Consol Client DB,Coverage_Stop_Date,Planned stop date for member eligibility,Eligibility,Coverage.period,Coverage,,,L2 - Coverage Period,NA,,,,,,,,,,,,,,,,
Consol Client DB,Covered_D_PlanPaidAmount,"CPP: Net amount the plan has paid for a Part D covered drug (where Drug Coverage Code = 'C'). If Drug Coverage Code = 'E' or 'O', the CPP field is zero.",Pharmacy,ExplanationOfBenefit.payment,Explanationofbenefit,,,,NA,,,,,,,,,,,,,,,,
Consol Client DB,DateOfService,Date on which the prescription was filled (yyyymmdd),Pharmacy,MedicationRequest.authoredOn,MedicationRequest,,"v1
v2",,"Medicaitons or
Medications Dispense",,,,,,,,,,,,,,,,
Consol Client DB,DaysSupply,Days' supply of medication (0-999),Pharmacy,MedicationDispense.daysSupply,Medicationdispense,,,L2 - Medications Dispensed,NA,,,,,,,,,,,,,,,,
Coding Marts,DiagnosisCode,Diagnosis code,[SecondaryCenseoMarts].[Rubix].[DimDiagnosis],Condition.code,Condition,,v1,All SNOMED?,Problems,,,,,,,,,,,,,,,,
Coding Marts,DiagnosisCodeDecimal,Diagnosis code,[SecondaryCenseoMarts].[Rubix].[DimDiagnosis],Condition.code,Condition,,v1,All SNOMED?,Problems,,,,,,,,,,,,,,,,
Coding Marts,DiagnosisFilter,Filter can be Conditionally/Never/Always,[SecondaryCenseoMarts].[Rubix].[DimDiagnosis],Condition.clinicalStatus,Condition,active/recurrence/relapse/inactive/remission/resolved?,,,,,,,,,,,,,,,,,,,
Coding Marts,DiagnosisFullDescription,Full description of diagnosis,[SecondaryCenseoMarts].[Rubix].[DimDiagnosis],NA,TBD,,v1,All SNOMED?,Problems,,,,,,,,,,,,,,,,
Consol Client DB,DiagnosisIndicator,"Code used to identify the type of diagnosis code: 9 = ICD-9 , 0 = ICD-10",Claims,diagnosis.type,Diagnosis,,,,NA,,,,,,,,,,,,,,,,
Coding Marts,DiagnosisLongDescription,Long description of diagnosis,[SecondaryCenseoMarts].[Rubix].[DimDiagnosis],NA,TBD,,v1,All SNOMED?,Problems,,,,,,,,,,,,,,,,
Coding Marts,DiagnosisShortDescription,Short description of diagnosis,[SecondaryCenseoMarts].[Rubix].[DimDiagnosis],NA,TBD,,v1,All SNOMED?,Problems,,,,,,,,,,,,,,,,
Coding Marts,DiagnosisVersionCode,ICD version,[SecondaryCenseoMarts].[Rubix].[DimDiagnosis],NA,TBD,"SNOMED, ICD-9/10 built into ValueSet",v1,All SNOMED?,Problems,,,,,,,,,,,,,,,,
Coding Marts,DiagnosisVersionDescription,ICD-9/ICD-10,[SecondaryCenseoMarts].[Rubix].[DimDiagnosis],NA,TBD,,v1,All SNOMED?,Problems,,,,,,,,,,,,,,,,
Coding Marts,DimDiagnosisKey,Diagnosis key,[SecondaryCenseoMarts].[Rubix].[DimDiagnosis],NA,TBD,,,,,,,,,,,,,,,,,,,,
Coding Marts,DimDiagnosisKey,Key to Dim Diagnosis for diagnosis details,[SecondaryCenseoMarts].[Rubix].[FactCodingDiagnosis],NA,TBD,,,,,,,,,,,,,,,,,,,,
Consol Client DB,DischargeDate,Date of inpatient Release,Claims,Episode,Episode,,v2,,Encounter Time,,,,,,,,,,,,,,,,
Consol Client DB,DispensingFeePaid,Amounts paid to pharmacy for dispensing medication.,Pharmacy,ExplanationOfBenefit.payment,ExplanationOfBenefit,,,,NA,,,,,,,,,,,,,,,,
Consol Client DB,DispensingStatus,Blank = Not specified or full quantity P = Partial Fill C = Completion of Partial Fill,Pharmacy,MedicationDispense.status,Medicationdispense,,,L2 - Medications Dispensed,NA,,,,,,,,,,,,,,,,
Consol Client DB,DRG,DRG Code,Claims,Claim.diagnosis.packageCode,Claim,,,,NA,,,,,,,,,,,,,,,,
Consol Client DB,DRG,DRG Code,Claims,Claim.diagnosis.packageCode,Claim,,,,NA,,,,,,,,,,,,,,,,
Consol Client DB,DrugCoverageStatusCode,This field indicates whether or not the drug is covered under the Medicare Part D benefit and/or a specific PBP. C = Covered E = Supplemental drugs (reported by Enhanced Alternative plans only) O = Over-the-counter drugs,Pharmacy,NA,TBD,,,,NA,,,,,,,,,,,,,,,,
Consol Client DB,DX_1,Diagnosis Code 1,Claims,diagnosis.diagnosis,Diagnosis,,v1,Encounter Diagnosis - v2,Problems,,,,,,,,,,,,,,,,
Consol Client DB,DX_2,Diagnosis Code 2,Claims,diagnosis.diagnosis,Diagnosis,,v1,Encounter Diagnosis only for primary Dx for encounter,Problems,,,,,,,,,,,,,,,,
Consol Client DB,DX_3,Diagnosis Code 3,Claims,diagnosis.diagnosis,Diagnosis,,v1,,Problems,,,,,,,,,,,,,,,,
Consol Client DB,Ethnicity,Member's Ethnicity,Member,patient.,Patient,,,Patient Demographics,Ethnicity,PID-22-1,,,,,,,,,,,,,,,
Coding Marts,EvaluationKey,Evaluation key ties back to the evaluation for member details,[SecondaryCenseoMarts].[Rubix].[FactCodingDiagnosis],NA,TBD,,,,,,,,,,,,,,,,,,,,
Ancillary Marts,Exception,Any exception on the lab performed,[SecondaryCenseoMarts].[Rubix].[FactAncillary_CompletedByLabs],Na,TBD,,,,NA,,,,,,,,,,,,,,,,
Consol Client DB,FacilityName,Facility Name,Provider,Group.managingEntity.name,TBD,,,L2 - Encounter Location,NA,,,,,,,,,,,,,,,,
Consol Client DB,FillNumber,"This field indicates the number fill of the current dispensed supply (0 - 99; if unavailable, populate 0).",Pharmacy,NA,TBD,,,L2 - Medications Dispensed,NA,,,,,,,,,,,,,,,,
Consol Client DB,GrossDrugCostAboveOutOfPocketThreshold,"GDCA: This field represents the gross drug cost paid to the pharmacy above the Out-of-Pocket threshold for a given PDE for a covered drug. For claims received prior to a beneficiary reaching the attachment point, this field will contain a zero dollar amount. For claims above the attachment point, this field will contain a positive dollar value. For a claim on which the attachment point is reached, there is likely to be a positive dollar amount in this field and there will be a positive dollar amount in field 30 (GDCB). When the Catastrophic Coverage Code = 'C', this field equals the sum of Ingredient Cost Paid + Dispensing Fee Paid + Total Amount Attributed to Sales Tax above the Out-of-Pocket threshold. When the Catastrophic Coverage Code = 'A', this field equals the portion of Ingredient Cost Paid + Dispensing Fee Paid + Total Amount Attributed to Sales Tax falling above the Out-of-Pocket threshold. The remaining portion is reported in GDCB.",Pharmacy,ExplanationOfBenefit.benefitBalance.financial.type,ExplanationOfBenefit,,,,NA,,,,,,,,,,,,,,,,
Consol Client DB,GrossDrugCostBelowOutOfPocketThreshold,"GDCB: This field represents the gross drug cost paid to the pharmacy below the Out-of-Pocket threshold for a given PDE for a covered drug. For claims received prior to a beneficiary reaching the attachment point, this field will contain a positive dollar amount. For claims above the attachment point, this field will contain a zero dollar value. For a claim on which the attachment point is reached, there is likely to be a positive dollar amount in this field and there will be a positive dollar amount in field 31 (GDCA). When the Catastrophic Coverage Code = 'Blank', this field equals the sum of Ingredient Cost Paid + Dispensing Fee Paid + Total Amount Attributed to Sales Tax. When the Catastrophic Coverage Code = 'A', this field equals the portion of Ingredient Cost Paid + Dispensing Fee Paid + Total Amount Attributed to Sales Tax falling at or below the Out-of-Pocket threshold. The remaining portion is reported in GDCA.",Pharmacy,ExplanationOfBenefit.benefitBalance.financial.type,ExplanationOfBenefit,,,,NA,,,,,,,,,,,,,,,,
Consol Client DB,Group,Plan Group Common Name,Member,class,TBD,,,,NA,IN1-2-1,,,,,,,,,,,,,,,
Consol Client DB,GroupIdentifier,Plan Group Identifier,Member,class.type,TBD,,,L2 - Group Number,NA,,,,,,,,,,,,,,,,
Ancillary Marts,HasInvalidResult,Flag to indicate if a lab result was invalid,[SecondaryCenseoMarts].[Rubix].[FactAncillary_CompletedByLabs],,TBD,,,,NA,,,,,,,,,,,,,,,,
Consol Client DB,HICN,Member CMS ID,Claims,Coverage.subscriberId,Coverage,,,L2 - Subscriber/Member Identifier,NA,,,,,,,,,,,,,,,,
Consol Client DB,HICN,Member CMS ID,Eligibility,Coverage.identifier,Coverage,,,L2 - Subscriber/Member Identifier,NA,,,,,,,,,,,,,,,,
Consol Client DB,HICN,Member CMS ID,Pharmacy,coverage.subscriberId,Coverage,,,L2 - Subscriber/Member Identifier,NA,,,,,,,,,,,,,,,,
Consol Client DB,HPLAN,Contract Number (H Plan). This isn’t required if MMR is provided.,Member,NA,TBD,,,,NA,IN1-2,,,,,,,,,,,,,,,
Consol Client DB,ICDVersion,,Claims,diagnosis.type,Diagnosis,,,,NA,,,,,,,,,,,,,,,,
Consol Client DB,InternalGroupIdentifier,Custom Client Field,Member,Na,TBD,,,,NA,,,,,,,,,,,,,,,,
Consol Client DB,InternalGroupName,Custom Client Field,Member,class.name,TBD,,,,NA,,,,,,,,,,,,,,,,
Consol Client DB,IPA,IPA Identifier (Independent Practice Association),Member,Practitioner.identifier,Practitioner,,"v1



v2","If part of ""care team members""","Care Team Members
or
Provider Identifier",IN1-3-0,,,,,,,,,,,,,,,
Consol Client DB,IPA_Identifier,IPA Common Name,Member,Practitioner.name,Practitioner,,"v1


v2","If part of ""care team members""","Care Team Members
or
Provider Name",IN1-2-1,,,,,,,,,,,,,,,
Ancillary Marts,IsBillable,Flag to indicate if the lab is billable,[SecondaryCenseoMarts].[Rubix].[FactAncillary_CompletedByLabs],NA,TBD,,,,NA,,,,,,,,,,,,,,,,
Ancillary Marts,lab_results,Lab results,[SecondaryCenseoMarts].[Rubix].[FactAncillary_CompletedByLabs],Observation.value,TBD,,v1,,Laboratory.Values/Results,,,,,,,,,,,,,,,,
Ancillary Marts,LabResultsDateReceived,Date the lab results were received,[SecondaryCenseoMarts].[Rubix].[FactAncillary_CompletedByLabs],"Observation.effective,
Observation.effectiveDateTime,
Observation.effectiveInstant or Observation.valueDateTime",Observation,,,Is this date/time performed or just received to DB?,NA,,,,,,,,,,,,,,,,
Ancillary Marts,LeftSeverity,PAD left severity,[SecondaryCenseoMarts].[Rubix].[FactAncillary_CompletedByLabs],NA,TBD,,,"These seem like observations themselves? severity = value, Left/Right Severity = code?",NA,,,,,,,,,,,,,,,,
Consol Client DB,LongTermCare,Flag for long term care,Member,NA,TBD,,,,NA,,,,,,,,,,,,,,,,
Consol Client DB,LowIncomeCostSharingSubsidyAmount,LICS: Amount the plan reduced patient liability due to a beneficiary's LICS status.,Pharmacy,NA,TBD,,,,NA,,,,,,,,,,,,,,,,
Consol Client DB,LPO,LPO Identifier (Local Physician Organization),Member,Practitioner.identifier,Practitioner,,"v1



v2","If part of ""care team members""","Care Team Members
or
Provider Identifier",F,,,,,,,,,,,,,,,
Consol Client DB,LPO_Identifier,LPO Common Name,Member,Practitioner.name,Practitioner,,"v1


v2","If part of ""care team members""","Care Team Members
or
Provider Name",,,,,,,,,,,,,,,,
Consol Client DB,MBI,Medicare Beneficiary Identifier,Member,,TBD,,,L2 - MBI,NA,PID.3.1,,,,,,,,,,,,,,,
Consol Client DB,Medicare_Adjusted,,Claims,,TBD,,,,NA,,,,,,,,,,,,,,,,
Consol Client DB,Medicare_Unadjusted,,Claims,,TBD,,,,NA,,,,,,,,,,,,,,,,
Consol Client DB,Member_Address1,Address line 1,Member,Patient.address,Patient,,v1,Patient Demographics,Current Address,PID11.0,,,,,,,,,,,,,,,
Consol Client DB,Member_Address2,Address line 2,Member,Patient.address,Patient,,v1,Patient Demographics,Current Address,PID11.1,,,,,,,,,,,,,,,
Consol Client DB,Member_Cell,Cell phone,Member,patient.telecom,Patient,,v1,Patient Demographics,Phone Number and Phone Number Type,,,,,,,,,,,,,,,,
Consol Client DB,Member_City,City,Member,Patient.address,Patient,,v1,Patient Demographics,Current Address,PID11.2,,,,,,,,,,,,,,,
Consol Client DB,Member_County,County,Member,contact.address,Patient,,v1,Patient Demographics,Current Address,PID-12,,,,,,,,,,,,,,,
Consol Client DB,Member_Current_Insurer_Id,Custom Client Field,Member,NA,TBD,,,,NA,,,,,,,,,,,,,,,,
Consol Client DB,Member_Date_of_Birth,Member’s date of birth,Member,patient.birthdate,Patient,,v1,Patient Demographics,Date of Birth,,,,,,,,,,,,,,,,
Consol Client DB,Member_Email,Email Address,Member,patient.telecom,Patient,,v1,Patient Demographics(telecom),Email Address,PID-40-0,,,,,,,,,,,,,,,
Consol Client DB,Member_First_Name,First name of the member,Member,Patient.name,Patient,,v1,Patient Demographics,First Name,PID-5-1,,,,,,,,,,,,,,,
Consol Client DB,Member_Gender,"Member’s Gender (1 = Male, 2 = Female, 3 = Other)",Member,Patient.name,Patient,,v1,Patient Demographics,Birth Sex,PID-8,,,,,,,,,,,,,,,
Consol Client DB,Member_Group_Number,Custom Client Field,Member,class.value,TBD,,,L2 - Group Number,NA,IN1-3-0,,,,,,,,,,,,,,,
Consol Client DB,Member_Last_Name,Last name of the member,Member,Patient.name,Patient,,v1,Patient Demographics,Last Name,PID-5-3,,,,,,,,,,,,,,,
Consol Client DB,Member_Mail_Address1,Mailing Address line 1,Member,Patient.address,Patient,,v1,Patient Demographics,Current Address,,,,,,,,,,,,,,,,
Consol Client DB,Member_Mail_Address2,Mailing Address line 2,Member,Patient.address,Patient,,v1,Patient Demographics,Current Address,,,,,,,,,,,,,,,,
Consol Client DB,Member_Mail_City,Mailing City,Member,Patient.address,Patient,,v1,Patient Demographics,Current Address,,,,,,,,,,,,,,,,
Consol Client DB,Member_Mail_State,Mailing State,Member,contact.address,Patient,Could be a P.O. Box,v1,Patient Demographics,Current Address,,,,,,,,,,,,,,,,
Consol Client DB,Member_Mail_Zip,Mailing zip code,Member,Patient.address,Patient,Could be a P.O. Box,v1,Patient Demographics,Current Address,,,,,,,,,,,,,,,,
Consol Client DB,Member_Middle_Name,Member middle name,Member,Patient.name,Patient,,v1,Patient Demographics,Middle Name,PID-5-2,,,,,,,,,,,,,,,
Consol Client DB,Member_Number,Ties to member record in member file,Claims,Coverage.subscriberId,Coverage,,,L2 - Subscriber/Member Identifier,NA,,,,,,,,,,,,,,,,
Consol Client DB,Member_Number,Unique ID for member provided by Client (Ties to member record in member file),Eligibility,patient.identifier,Patient,,,L2 - Identifier,NA,PID2,,,,,,,,,,,,,,,
Consol Client DB,Member_Secondary_Contact,Alternate member phone number,Member,Contact.address,Patient,,v1,Patient Demographics,Phone Number and Phone Number Type,,,,,,,,,,,,,,,,
Consol Client DB,Member_SSN,Social Security Number,Member,NA,TBD,,,L2 - Patient SSN,NA,PID19,,,,,,,,,,,,,,,
Consol Client DB,Member_State,State,Member,contact.address,Patient,Residential Address,v1,Patient Demographics,Current Address,PID-11-4,,,,,,,,,,,,,,,
Consol Client DB,Member_Telephone,Primary member phone number,Member,patient.telecom,Patient,,v1,Patient Demographics,Phone Number and Phone Number Type,PID-13-1 (Home),,,,,,,,,,,,,,,
Consol Client DB,Member_Zip,5 or 9 digit zip code zip code,Member,Patient.address,Patient,Residential Address,v1,Patient Demographics,Current Address,PID-11-5,,,,,,,,,,,,,,,
Consol Client DB,MemberID,Plan-assigned number used to identify the beneficiary (CardholderIdentifier),Pharmacy,Coverage.subscriberId,Coverage,,,L2 - Subscriber/Member Identifier,NA,,,,,,,,,,,,,,,,
Consol Client DB,Modifier,Line HCPCS Modifier 1,Claims,Claim.item.modifier,Claim,,,,NA,,,,,,,,,,,,,,,,
Consol Client DB,NDC_Code,National Drug Code,Pharmacy,MedicationStatement.medicationCodeableConcept (1..1),MedicationStatement,,v1,L2 - Medications Prescribed Code,Medications,,,,,,,,,,,,,,,,
Consol Client DB,NDC_Description,National Drug Code Description,Pharmacy,MedicationStatement.medicationCodeableConcept (1..1),MedicationStatement,,v1,RxNorm data set... lots of information in here,Medications,,,,,,,,,,,,,,,,
Consol Client DB,NoncoveredPlanPaidAmount,"NPP: Net amount the plan has paid for all over-the-counter drugs, enhanced alternative drugs, and enhanced alternative cost- sharing amounts.",Pharmacy,ExplanationOfBenefit.paymentExplanationOfBenefit.payment,Explanationofbenefit,,,,NA,,,,,,,,,,,,,,,,
Consol Client DB,NonStandardFormatCode,This data element is used by CMS to identify PDE records that are compiled from non-standard sources. NCPDP is the standard format in which plans receive data from pharmacies. X = X12 837 B = Beneficiary submitted claim P = Paper claim from provider Blank = NCPDP electronic format,Pharmacy,NA,TBD,,,,NA,,,,,,,,,,,,,,,,
Consol Client DB,NPI,National Provider Identifier,Claims,practitioner.identifier,TBD,,"v1


v2","If part of ""care team members""","Care Team Members
or
Provider Identifier",,,,,,,,,,,,,,,,
Evaluation Response,ODSAnswerID,ID to connect to the evaluation answer,[SecondaryCenseoODS].[ods].[EvaluationResponses],"Evaluation response incldues diagnosis, medication, lab results and height, weight, BP, LDL, HDL Cholestrol etc",TBD,,,,,,,,,,,,,,,,,,,,
Coding Marts,ODSDiagnosisID,ODS diagnosis id,[SecondaryCenseoMarts].[Rubix].[DimDiagnosis],NA,TBD,,,,,,,,,,,,,,,,,,,,
Evaluation Response,ODSEvaluationID,ID to connect back to the evaluation,[SecondaryCenseoODS].[ods].[EvaluationResponses],"Evaluation response incldues diagnosis, medication, lab results and height, weight, BP, LDL, HDL Cholestrol etc",TBD,,,,,,,,,,,,,,,,,,,,
Evaluation Response,ODSEvaluationResponseID,key,[SecondaryCenseoODS].[ods].[EvaluationResponses],"Evaluation response incldues diagnosis, medication, lab results and height, weight, BP, LDL, HDL Cholestrol etc",TBD,,,,,,,,,,,,,,,,,,,,
Evaluation Response,ODSQuestionID,ID to connect to the evaluation question,[SecondaryCenseoODS].[ods].[EvaluationResponses],"Evaluation response incldues diagnosis, medication, lab results and height, weight, BP, LDL, HDL Cholestrol etc",TBD,,,,,,,,,,,,,,,,,,,,
Consol Client DB,OfficeContactName,,Provider,practitioner.name,Practitioner,changed from P.address to P.name,"v1


v2","If part of ""care team members""","Care Team Members
or
Provider Name",,,,,,,,,,,,,,,,
Consol Client DB,OtherTrueOutOfPocketAmount,TrOOP: Amount of qualified third party payments that contribute to a beneficiary's TrOOP.,Pharmacy,NA,TBD,,,,NA,,,,,,,,,,,,,,,,
Consol Client DB,Paid Amount,Amount Paid,Pharmacy,ExplanationOfBenefit.payment,Explanationofbenefit,,,,NA,,,,,,,,,,,,,,,,
Consol Client DB,PaidAmount,Line Paid Amount,Claims,explanationOfBenefit.payment,Explanationofbenefit,,,,NA,,,,,,,,,,,,,,,,
Consol Client DB,PaidDate,The date that the claim is paid (you may refer to it as processed or paid).,Claims,ClaimResponse.payment.date,ClaimResponse,,,,NA,,,,,,,,,,,,,,,,
Consol Client DB,PaidDate,Date the plan originally paid the pharmacy for the prescription drug,Pharmacy,explanationOfBenefit.payment,Explanationofbenefit,,,,NA,,,,,,,,,,,,,,,,
Consol Client DB,Patient_Nk_Key,Internal member ID for the plan,Member,NA,TBD,,,,NA,PID-3-0,,,,,,,,,,,,,,,
Consol Client DB,PatientLiabilityReductionDueToOtherPayerAmount,"PLPRO: Amounts by which patient liability is reduced due to payments by other payers that do not participate in Part D and are not TrOOP-eligible. Examples of non-TrOOP-eligible payers are group health plans, Worker's Compensation and governmental programs (e.g. VA, TRICARE).",Pharmacy,NA,TBD,,,,NA,,,,,,,,,,,,,,,,
Consol Client DB,PatientPayAmount,Amount beneficiary paid that is not reimbursed by a third party.,Pharmacy,NA,TBD,,,,NA,,,,,,,,,,,,,,,,
Consol Client DB,PatientPayPortion,Line Patient Pay Amount,Claims,NA,Claim,,,,NA,,,,,,,,,,,,,,,,
Consol Client DB,PCP_ID,Primary Care Physician Plan Provider ID,Member,Practitioner.identifier,Practitioner,,"v1


v2","If part of ""care team members""","Care Team Members
or
Provider Identifier",PD1-4-1,,,,,,,,,,,,,,,
Consol Client DB,PCP_Location_ID,Unique location identification number which provider engages with patients.,Eligibility,practioner.Address,Practitioner,,,,NA,,,,,,,,,,,,,,,,
Consol Client DB,PCP_Provider_ID,Provider ID,Eligibility,Practitioner.identifier,Practitioner,changed from P.name to practioner.identifier,"v1


v2","If part of ""care team members""","Care Team Members
or
Provider Identifier",,,,,,,,,,,,,,,,
Consol Client DB,PlaceOfService,CMS Place of Service Code,Claims,Claim.facility,Claim,,,L2 - Encounter Location,NA,,,,,,,,,,,,,,,,
Consol Client DB,Plan_Number,Unique Plan Code,Eligibility,coverage.identifier,Coverage,IN1 or GT1,,L2 - Group Number,NA,IN1-2-1,,,,,,,,,,,,,,,
Consol Client DB,PlanBenefitPackageID,MA Plan Benefit Package ID. This isn’t required if MMR is provided,Member,Na,TBD,,,,NA,,,,,,,,,,,,,,,,
Consol Client DB,PlanLocation,Plan Location name or code,Member,,TBD,,,,NA,,,,,,,,,,,,,,,,
Consol Client DB,PlanType,Custom Client Field,Eligibility,Coverage.class.type,Coverage,,,L2 - Coverage Type,NA,IN1-15-0,,,,,,,,,,,,,,,
Consol Client DB,PreferredSpokenLanguage,Member's preferred spoken language,Member,Patient.language,Patient,,,Patient Demographics,Preferred Langauge,PID-15-3,,,,,,,,,,,,,,,
Consol Client DB,PrescriberProviderID,Plan Provider ID for the Prescriber Provider,Pharmacy,practioner.identifier,Practitioner,,,L2 - Subscriber/Member Identifier,NA,,,,,,,,,,,,,,,,
Consol Client DB,Prescription_Service_Reference_No,,Pharmacy,NA,TBD,,,,NA,,,,,,,,,,,,,,,,
Consol Client DB,PrescriptionOriginCode,,Pharmacy,NA,TBD,,,L2 - Medications Prescribed Code,NA,,,,,,,,,,,,,,,,
Consol Client DB,PrescriptionServiceReferenceNumber,,Pharmacy,NA,TBD,,,??,NA,,,,,,,,,,,,,,,,
Consol Client DB,PricingExceptionCode,This field indicates that the PDE reports an out-of-network or Medicare as Secondary Payer (MSP) service that is subject to unique pricing rules. M = Medicare as Secondary Payer O = Out-of-Network pharmacy Blank = In-Network pharmacy and Medicare Primary,Pharmacy,NA,TBD,,,,NA,,,,,,,,,,,,,,,,
Consol Client DB,PrimaryLocationID,,Provider,practioner.Address,Practitioner,,,L2 - Provider Location,NA,,,,,,,,,,,,,,,,
Consol Client DB,ProcedureCode /CPTCode_Primary,CPT/HCPCS Code,Claims,Procedure.code,Procedure,,v1,,Procedures,,,,,,,,,,,,,,,,
Consol Client DB,ProcedureCode2,CPT/HCPCS Code,Claims,Procedure.code,Procedure,,v1,,Procedures,,,,,,,,,,,,,,,,
Ancillary Marts,ProductKey,Lab Product,[SecondaryCenseoMarts].[Rubix].[FactAncillary_CompletedByLabs],"Observation.code
Observation.component?",Observation,"CKD
Retinal Exam
FOBT
HbA1c
HomeAccess Microalbumin
Bone Density
PAD
Aetna PAD
A1c POC",v1,"LOINC, for example.
If test has multiple observations, they are components (ie CBC has like 8 ""results"" that come with it.)",Laboratory.Tests,,,,,,,,,,,,,,,,
Consol Client DB,ProductName/ LOB,Product Common Name or Line of business,Member,,TBD,,,,NA,,,,,,,,,,,,,,,,
Consol Client DB,Provider_Address1,Address line 1 of the Provider,Provider,Practitioner.Address,Practitioner,,,L2 - Provider Location,NA,,,,,,,,,,,,,,,,
Consol Client DB,Provider_Address2,Address line 2 of the Provider,Provider,Practitioner.Address,Practitioner,,,L2 - Provider Location,NA,,,,,,,,,,,,,,,,
Consol Client DB,Provider_Address3,Address line 3 of the Provider,Provider,Practitioner.Address,Practitioner,,,L2 - Provider Location,NA,,,,,,,,,,,,,,,,
Consol Client DB,Provider_City,City name,Provider,Practitioner.Address,Practitioner,,,L2 - Provider Location,NA,,,,,,,,,,,,,,,,
Consol Client DB,Provider_Contact,Primary contact for practice/facility,Provider,practionerrole.telecom,PractitionerRole,,,L2 - Provider Telecom Information,NA,,,,,,,,,,,,,,,,
Consol Client DB,Provider_County,County name,Provider,Practitioner.Address,Practitioner,,,L2 - Provider Location,NA,,,,,,,,,,,,,,,,
Consol Client DB,Provider_Email,Main office email address,Provider,Patient.?telecom.?where(system='email'),Practitioner,,,L2 - Provider Telecom Information,NA,,,,,,,,,,,,,,,,
Consol Client DB,Provider_Fax,Fax Number,Provider,practionerrole.telecom,PractitionerRole,,,L2 - Provider Telecom Information,NA,,,,,,,,,,,,,,,,
Consol Client DB,Provider_FirstName,Primary care physician first name,Member,Practitioner.name,Practitioner,,"v1


v2","If part of ""care team members""","Care Team Members
or
Provider Name",PD1-4-3,,,,,,,,,,,,,,,
Consol Client DB,Provider_FirstName,Provider’s first name,Provider,Practitioner.name,Practitioner,,"v1


v2","If part of ""care team members""","Care Team Members
or
Provider Name",,,,,,,,,,,,,,,,
Consol Client DB,Provider_GroupID,Identification number for the group practice with which the provider is affiliated,Provider,Group.managingEntity.identifier,TBD,May be able to leverage Provider Identifier here but it certainly isn't expected to have this information available,"v1


v2","If part of ""care team members""","Care Team Members
or
Provider Identifier",,,,,,,,,,,,,,,,
Consol Client DB,Provider_GroupName,Name of group practice with which the provider is affiliated,Provider,Group.name,TBD,May be able to leverage Provider Identifier here but it certainly isn't expected to have this information available,"v1


v2","If part of ""care team members""","Care Team Members
or
Provider Identifier",,,,,,,,,,,,,,,,
Consol Client DB,Provider_ID,Internal Plan ID (Ties to member record in provider file),Claims,NA,Practitioner,,,,NA,,,,,,,,,,,,,,,,
Consol Client DB,Provider_ID,Internal Plan ID,Provider,practioner.identifier,Practitioner,changed from P.name to practioner.identifier,"v1


v2","If part of ""care team members""","Care Team Members
or
Provider Identifier",,,,,,,,,,,,,,,,
Consol Client DB,Provider_LastName,Primary care physician last name,Member,Practitioner.name,Practitioner,,"v1


v2","If part of ""care team members""","Care Team Members
or
Provider Name",PD1-4-2,,,,,,,,,,,,,,,
Consol Client DB,Provider_LastName,Provider’s last name,Provider,Practitioner.name,Practitioner,,"v1


v2","If part of ""care team members""","Care Team Members
or
Provider Name",,,,,,,,,,,,,,,,
Consol Client DB,Provider_Middle_Initial,Provider’s Middle Initial,Provider,Practitioner.name,Practitioner,changed from P.address to P.name,,L2 - Provider Location,NA,,,,,,,,,,,,,,,,
Consol Client DB,Provider_NPI,National Provider Identifier,Provider,practitioner.identifier,Practitioner,changed from P.name to practioner.identifier,"v1


v2","If part of ""care team members""","Care Team Members
or
Provider Identifier",,,,,,,,,,,,,,,,
Consol Client DB,Provider_PhonePrimary,Primary Phone number,Provider,practionerrole.telecom,PractitionerRole,,,L2 - Provider Telecom Information,NA,,,,,,,,,,,,,,,,
Consol Client DB,Provider_PhoneSecondary,Secondary Phone number,Provider,practionerrole.telecom,PractitionerRole,,,L2 - Provider Telecom Information,NA,,,,,,,,,,,,,,,,
Consol Client DB,Provider_PIN,,Provider,practioner.identifier,Practitioner,May be able to leverage Provider Identifier here but it certainly isn't expected to have this information available,"v1


v2","If part of ""care team members""","Care Team Members
or
Provider Identifier",,,,,,,,,,,,,,,,
Consol Client DB,Provider_Specialty_Code,CMS Speciality Code,Provider,practionerrole.code,PractitionerRole,,,L2 - Provider Role,NA,,,,,,,,,,,,,,,,
Consol Client DB,Provider_Specialty_Desc,Provider's Primary Speciality Description,Provider,practionerrole.Speciality,PractitionerRole,,,L2 - Provider Role,NA,,,,,,,,,,,,,,,,
Consol Client DB,Provider_State,2 character state abbreviation,Provider,Practitioner.Address,Practitioner,,,L2 - Provider Location,NA,,,,,,,,,,,,,,,,
Consol Client DB,Provider_TaxID,Provider's Tax ID,Provider,Practitioner.identifier,Practitioner,May be able to leverage Provider Identifier here but it certainly isn't expected to have this information available,"v1


v2","If part of ""care team members""","Care Team Members
or
Provider Identifier",,,,,,,,,,,,,,,,
Consol Client DB,Provider_Taxonomy_Code,NPPES Taxonomy Code,Provider,valueset-provider-taxonomy valueset-provider-taxonomy,TBD,May be able to leverage Provider Identifier here but it certainly isn't expected to have this information available,"v1


v2","If part of ""care team members""","Care Team Members
or
Provider Identifier",,,,,,,,,,,,,,,,
Consol Client DB,Provider_ZipCode,Provider zip code,Provider,Practitioner.Address,Practitioner,,,L2 - Provider Location,NA,,,,,,,,,,,,,,,,
Consol Client DB,ProviderLocationID,,Provider,practioner.Address,Practitioner,,,L2 - Provider Location,NA,,,,,,,,,,,,,,,,
Consol Client DB,QuantityDispensed,"This field indicates how many dosage units of the medication were dispensed in the current drug event. Number of units, grams, milliliters, or other.",Pharmacy,MedicationDispense.quantity,Medicationdispense,,,L2 - Medications Dispensed,NA,,,,,,,,,,,,,,,,
Consol Client DB,RenderingProviderID,Physician Plan Provider ID,Claims,practitioner.identifier,Practitioner,,"v1

v2","If part of ""care team members""","Care Team Members
or
Provider Identifier",,,,,,,,,,,,,,,,
Consol Client DB,RenderingProviderNPI,Rendering Physician NPI,Claims,practitioner.identifier,Practitioner,,"v1

v2","If part of ""care team members""","Care Team Members
or
Provider Identifier",,,,,,,,,,,,,,,,
Consol Client DB,RenderingProviderSpecialty,CMS Specialty Code,Claims,practionerrole.Speciality,PractitionerRole,,,L2 - Provider Role,NA,,,,,,,,,,,,,,,,
Evaluation Response,ResponseValue,Response recorded by the provider,[SecondaryCenseoODS].[ods].[EvaluationResponses],"Evaluation response incldues diagnosis, medication, lab results and height, weight, BP, LDL, HDL Cholestrol etc",TBD,,,,,,,,,,,,,,,,,,,,
Consol Client DB,RevenueCode,Line Revenue Code,Claims,Claim.item.revenue,Claim,,,,NA,,,,,,,,,,,,,,,,
Ancillary Marts,RightSeverity,PAD right severity,[SecondaryCenseoMarts].[Rubix].[FactAncillary_CompletedByLabs],NA,TBD,,,see above,NA,,,,,,,,,,,,,,,,
Consol Client DB,SameAddress,Flag to indicate mailing address is same as physical address,Member,NA,TBD,,,,NA,,,,,,,,,,,,,,,,
Consol Client DB,SecondaryPhone,Secondary phone,Member,patient.telecom,Patient,,v1,Patient Demographics,Phone Number and Phone Number Type,PID-14-1 (Business),,,,,,,,,,,,,,,
Consol Client DB,ServiceCategory,Category Of Service,Claims,Claim.item.productOrServicev,Claim,,,,NA,,,,,,,,,,,,,,,,
Consol Client DB,ServiceFromDate /Date_of_Service,Line from Date of Service,Claims,Claim.item.serviced,Claim,,,Maybe use Encounter Time here? (USCDI v2),NA,,,,,,,,,,,,,,,,
Consol Client DB,ServiceProviderID,Plan Provider ID for the Service Provider,Pharmacy,practioner.identifier,Practitioner,,,,NA,,,,,,,,,,,,,,,,
Consol Client DB,ServiceThruDate,Line from Date of Service,Claims,Claim.item.servicedClaim.item.servicedv,Claim,,,Maybe use Encounter Time here? (USCDI v2),NA,,,,,,,,,,,,,,,,
Consol Client DB,Specialty_Code,Provider Speciality Description,Claims,practionerrole.Speciality,PractitionerRole,,,L2 - Provider Role,NA,,,,,,,,,,,,,,,,
Consol Client DB,Specialty_Name,Provider Speciality Name,Claims,practionerrole.Specialityv,PractitionerRole,,,,,,,,,,,,,,,,,,,,
Consol Client DB,Suffix,Suffix of a member,Member,patient.name,Patient,,,Patient Demographics,Suffix,PID-5-4,,,,,,,,,,,,,,,
Consol Client DB,TotalAmountAttributedToSalesTax,Amounts paid to pharmacy to cover sales tax.,Pharmacy,NA,TBD,,,,NA,,,,,,,,,,,,,,,,
Consol Client DB,TotalPaidAmount,Amount paid to the pharmacy for the drug itself. Dispensing fees or other costs are not to be included in this amount except as allowed on non-standard format claims.,Pharmacy,ExplanationOfBenefit.payment,ExplanationOfBenefit,,,,NA,,,,,,,,,,,,,,,,
Consol Client DB,VillageHealth,Specific to Humana,Member,NA,TBD,,,,NA,,,,,,,,,,,,,,,,
Evaluation Response,,"Evaluation response incldues diagnosis, medication, lab results and height, weight, BP, LDL, HDL Cholestrol etc",,,TBD,,,,,,,,,,,,,,,,,,,,
CaseManagement,,,,Coverage.payor,Coverage,,,,Health insurance is not included in USCDI (L2 for future versions),,,,,,,,,,,,,,,,
CaseManagement,,,,Coverage.subscriberID,Coverage,L2 for future versions,,,NA,,,,,,,,,,,,,,,,
CaseManagement,,,,Same as above?,TBD,L2 for future versions,,,NA,,,,,,,,,,,,,,,,
CaseManagement,,,,"Coverage.subscriber, or Coverage.beneficiary",Coverage,,V1/2,,"First Name

",,,,,,,,,,,,,,,,
CaseManagement,,,,"Coverage.subscriber, or Coverage.beneficiary",Coverage,,V1/2,,Last Name,,,,,,,,,,,,,,,,
CaseManagement,,,,Coverage.class.value,Coverage,,,,nA,,,,,,,,,,,,,,,,
CaseManagement,,,,encounter.period,Encounter,,v2,,Encounter Time,,,,,,,,,,,,,,,,
CaseManagement,,,,Encounter.period,Encounter,,v2,,Encounter Time,,,,,,,,,,,,,,,,
CaseManagement,,,,Practioner.name,Practitioner,,v2,,Provider Name,,,,,,,,,,,,,,,,
CaseManagement,,,,practioner.identifier,Practitioner,,,,Provider Identifier,,,,,,,,,,,,,,,,
CaseManagement,,,,Documentreference,TBD,Can be identied with various types,v1/2,,Clinical Notes,,,,,,,,,,,,,,,,
CaseManagement,,,,Na,TBD,,,,nA,,,,,,,,,,,,,,,,
CaseManagement,,,,Na,TBD,,,,NA,,,,,,,,,,,,,,,,
CaseManagement,,,,Na,TBD,,,,NA,,,,,,,,,,,,,,,,
CaseManagement,,,,ReferralRequest.authoredOn,Referralrequest,,,,NA,,,,,,,,,,,,,,,,
OCR Demographic Output,,Vendor name. Default to “SIGNIFY”,,,TBD,,,,NA,,,,,,,,,,,,,,,,
OCR Demographic Output,,Member ID for the plan,,Coverage.subscriberId,Coverage,,,,NA,,,,,,,,,,,,,,,,
OCR Demographic Output,,Member HIC Number or MBI,,Coverage.subscriber,Coverage,Reference(Patient) or Reference(RelatedPerson),,,NA,,,,,,,,,,,,,,,,
OCR Demographic Output,,First name of the member,,Coverage.subscriber,Coverage,"""""",V1/2,Patient Demographics,"First Name

",,,,,,,,,,,,,,,,
OCR Demographic Output,,Last name of the member,,Coverage.subscriber,Coverage,"""""",V1/2,Patient Demographics,Last Name,,,,,,,,,,,,,,,,
OCR Demographic Output,,Middle name of the member,,Coverage.subscriber,Coverage,"""""",,Patient Demographics,,,,,,,,,,,,,,,,,
OCR Demographic Output,,Phone number,,patient.telecom,TBD,Reference(Patient),v1,Patient Demographics,Phone Number and Phone Number Type,,,,,,,,,,,,,,,,
OCR Demographic Output,,Physician NPI,,Practitioner.identifier,Practitioner,,"v1


v2","If part of ""care team members""","Care Team Members
or
Provider Identifier",,,,,,,,,,,,,,,,
OCR Demographic Output,,Provider Primary Specialty Description,,PractitionerRole.specialty,Practitioner,,,L2 - Provider Role,NA,,,,,,,,,,,,,,,,
OCR Demographic Output,,Provider first name,,Practitioner.name,Practitioner,,"v1


v2","If part of ""care team members""","Care Team Members
or
Provider Identifier",,,,,,,,,,,,,,,,
OCR Demographic Output,,Provider last name,,Practitioner.name,Practitioner,,"v1


v3","If part of ""care team members""","Care Team Members
or
Provider Identifier",,,,,,,,,,,,,,,,
OCR Demographic Output,,Provider credentials,,Practitioner.qualification.identifier/code/period/issuer,Practitioner,"v2 table 0360, Version 2.7
https://www.hl7.org/fhir/v2/0360/2.7/index.html","v1


v4","If part of ""care team members""","Care Team Members
or
Provider Identifier",,,,,,,,,,,,,,,,
OCR Demographic Output,,Date of assessment,,Encounter.period,Encounter,,v2,,Encounter Time,,,,,,,,,,,,,,,,
OCR Demographic Output,,Scheduled assessment start time,,Encounter.period,Encounter,,v2,,Encounter Type,,,,,,,,,,,,,,,,
OCR Demographic Output,,Scheduled assessment end time,,Encounter.period,Encounter,,v2,,Encounter Time,,,,,,,,,,,,,,,,
OCR Demographic Output,,Assessment version,,Encounter.meta.versionId,Encounter,,,,Na,,,,,,,,,,,,,,,,
OCR Demographic Output,,Assessment identification number,,Encounter.identifier,Encounter,,,,NA,,,,,,,,,,,,,,,,
OCR Demographic Output,,,,Populated from Consol Client DB Member and ods.MemberInfo,TBD,,,,,,,,,,,,,,,,,,,,
OCR Medication Output,,Assessment identification number,,NA,TBD,,,,NA,,,,,,,,,,,,,,,,
OCR Medication Output,,Generic Product Identifier,,MedicationStatement.medicationCodeableConcept (1..1),MedicationStatement,"Can use known code for medication (SNOMED, probably NDC or GPI?) or use Reference(Medication) if further info needs to be shared",V1 and V2,More granular option in L2,Medication,,,,,,,,,,,,,,,,
OCR Medication Output,,National Drug Code,,MedicationStatement.medicationCodeableConcept (1..1),MedicationStatement,see above,V1 and V3,More granular option in L3,Medication,,,,,,,,,,,,,,,,
OCR Medication Output,,NDC Code description,,NA,TBD,No direct mapping. some additional information available Medication.form/amount/ingredient,V1 and V4,More granular option in L4,Medication,,,,,,,,,,,,,,,,
OCR Medication Output,,Date medication was last filled,,NA,TBD,,V1 and V5,More granular option in L5,Medication,,,,,,,,,,,,,,,,
OCR Medication Output,,Medication still being used,,MedicationStatement.status,MedicationStatement,"
active | completed | entered-in-error | intended | stopped | on-hold | unknown | not-taken",V1 and V6,More granular option in L6,Medication,,,,,,,,,,,,,,,,
Client OCR Output,,Assessment identification number,,,TBD,,,,NA,,,,,,,,,,,,,,,,
Client OCR Output,,Question identifier,,quetionerresponse.identifier,Quetionerresponse,,,,NA,,,,,,,,,,,,,,,,
Client OCR Output,,Question description,,"QuestionnaireResponse.questionnaire
",Quetionerresponse,,,,NA,,,,,,,,,,,,,,,,
Client OCR Output,,Assessment answer identifier,,QuestionnaireResponse.item.answer,Quetionerresponse,,,,NA,,,,,,,,,,,,,,,,
Client OCR Output,,Assessment answer description,,QuestionnaireResponse.item.answer.value[x]v,Quetionerresponse,,,,NA,,,,,,,,,,,,,,,,
Client OCR Output,,Contains the response value,,See comments,TBD,,,,NA,,,,,,,,,,,,,,,,
Client OCR Output,,Defines the response type;,,QuestionnaireResponse.item.answer.value[xv,Quetionerresponse,,,,NA,,,,,,,,,,,,,,,,
Client OCR Output,,· Bool · Date · Float · Int · String,,,TBD,,,,,,,,,,,,,,,,,,,,
OCR QuestionAnswer Output,,Assessment version,,NA,TBD,,,,NA,,,,,,,,,,,,,,,,
OCR QuestionAnswer Output,,Question identifier,,Quetionerresponse.identifier,Quetionerresponse,,,,NA,,,,,,,,,,,,,,,,
OCR QuestionAnswer Output,,Question description,,"QuestionnaireResponse.questionnaire
",Quetionerresponse,,,,NA,,,,,,,,,,,,,,,,
OCR QuestionAnswer Output,,Assessment answer identifier,,QuestionnaireResponse.item.answer,Quetionerresponse,,,,NA,,,,,,,,,,,,,,,,
OCR QuestionAnswer Output,,Assessment answer description,,QuestionnaireResponse.item.answer.value[x]v,Quetionerresponse,,,,NA,,,,,,,,,,,,,,,,
OCR Summary output,,File name,,NA,TBD,,,,NA,,,,,,,,,,,,,,,,
OCR Summary output,,Assessment Count,,NA,TBD,,,,NA,,,,,,,,,,,,,,,,
HEDIS,,Internal member ID for the plan,,Patient.identifier,Patient,,,,NA,,,,,,,,,,,,,,,,
HEDIS,,Member HIC Number or MBI,,Patient.identifier,Patient,,,,NA,,,,,,,,,,,,,,,,
HEDIS,,Last name of the member,,Patient.Name,Patient,,v1,Patient Demographics,Last Name,,,,,,,,,,,,,,,,
HEDIS,,First name of the member,,patient.Name,Patient,,v1,Patient Demographics,First Name,,,,,,,,,,,,,,,,
HEDIS,,Member’s date of birth (mm/dd/yyyy),,patient.birthdate,Patient,,v1,Patient Demographics,Date of Birth,,,,,,,,,,,,,,,,
HEDIS,,Name of provider who conducted assessment.,,Practioner.name,Practitioner,,"v1


v2","If part of ""care team members""","Care Team Members
or
Provider Name",,,,,,,,,,,,,,,,
HEDIS,,Provider ID,,Practioner.identifier,Practitioner,,"v1


v3","If part of ""care team members""","Care Team Members
or
Provider Name",,,,,,,,,,,,,,,,
HEDIS,,Exam date. (mm/dd/yyyy),,Encounter.period,Encounter,Reference patient,v2,,Encounter Time,,,,,,,,,,,,,,,,
HEDIS,,Date the assessment was conducted. (mm/dd/yyyy),,Encounter.period,Encounter,,v2,,Encounter Time,,,,,,,,,,,,,,,,
HEDIS,,Procedural code,,Encounter.reasonCode,Encounter,,,,,,,,,,,,,,,,,,,,
HEDIS,,,,Encounter.type,Encounter,,v2,,encounter type,,,,,,,,,,,,,,,,
HEDIS,,,,See comments,TBD,Encounter Resouce stores based on the information type,v2,,Encounter information,,,,,,,,,,,,,,,,
HEDIS,,,,Practionerrole.speciality,PractitionerRole,,"v1


v2","If part of ""care team members""","Care Team Members
or
Provider Name",,,,,,,,,,,,,,,,
,,,,,,,,,,,,,,,,,,,,,,,,,
,,,,,,,,,,,,,,,,,,,,,,,,,
,,,,,,,,,,,,,,,,,,,,,,,,,
,,,,,,,,,,,,,,,,,,,,,,,,,
,,,,,,,,,,,,,,,,,,,,,,,,,
,,,,,,,,,,,,,,,,,,,,,,,,,
,,,,,,,,,,,,,,,,,,,,,,,,,
,,,,,,,,,,,,,,,,,,,,,,,,,
,,,,,,,,,,,,,,,,,,,,,,,,,
,,,,,,,,,,,,,,,,,,,,,,,,,
,,,,,,,,,,,,,,,,,,,,,,,,,
,,,,,,,,,,,,,,,,,,,,,,,,,
,,,,,,,,,,,,,,,,,,,,,,,,,
,,,,,,,,,,,,,,,,,,,,,,,,,
,,,,,,,,,,,,,,,,,,,,,,,,,
,,,,,,,,,,,,,,,,,,,,,,,,,
,,,,,,,,,,,,,,,,,,,,,,,,,
,,,,,,,,,,,,,,,,,,,,,,,,,
,,,,,,,,,,,,,,,,,,,,,,,,,
,,,,,,,,,,,,,,,,,,,,,,,,,
,,,,,,,,,,,,,,,,,,,,,,,,,
,,,,,,,,,,,,,,,,,,,,,,,,,
,,,,,,,,,,,,,,,,,,,,,,,,,
,,,,,,,,,,,,,,,,,,,,,,,,,
,,,,,,,,,,,,,,,,,,,,,,,,,
,,,,,,,,,,,,,,,,,,,,,,,,,
,,,,,,,,,,,,,,,,,,,,,,,,,
,,,,,,,,,,,,,,,,,,,,,,,,,
,,,,,,,,,,,,,,,,,,,,,,,,,
,,,,,,,,,,,,,,,,,,,,,,,,,
,,,,,,,,,,,,,,,,,,,,,,,,,
,,,,,,,,,,,,,,,,,,,,,,,,,
,,,,,,,,,,,,,,,,,,,,,,,,,
,,,,,,,,,,,,,,,,,,,,,,,,,
,,,,,,,,,,,,,,,,,,,,,,,,,
,,,,,,,,,,,,,,,,,,,,,,,,,
,,,,,,,,,,,,,,,,,,,,,,,,,
,,,,,,,,,,,,,,,,,,,,,,,,,
,,,,,,,,,,,,,,,,,,,,,,,,,
,,,,,,,,,,,,,,,,,,,,,,,,,
,,,,,,,,,,,,,,,,,,,,,,,,,
,,,,,,,,,,,,,,,,,,,,,,,,,
,,,,,,,,,,,,,,,,,,,,,,,,,
,,,,,,,,,,,,,,,,,,,,,,,,,
,,,,,,,,,,,,,,,,,,,,,,,,,
,,,,,,,,,,,,,,,,,,,,,,,,,
,,,,,,,,,,,,,,,,,,,,,,,,,
,,,,,,,,,,,,,,,,,,,,,,,,,
,,,,,,,,,,,,,,,,,,,,,,,,,
,,,,,,,,,,,,,,,,,,,,,,,,,
,,,,,,,,,,,,,,,,,,,,,,,,,
,,,,,,,,,,,,,,,,,,,,,,,,,
,,,,,,,,,,,,,,,,,,,,,,,,,
,,,,,,,,,,,,,,,,,,,,,,,,,
,,,,,,,,,,,,,,,,,,,,,,,,,
A,,,,,,,,,,,,,,,,,,,,,,,,,
,,,,,,,,,,,,,,,,,,,,,,,,,
,,,,,,,,,,,,,,,,,,,,,,,,,
,,,,,,,,,,,,,,,,,,,,,,,,,
,,,,,,,,,,,,,,,,,,,,,,,,,
,,,,,,,,,,,,,,,,,,,,,,,,,
,,,,,,,,,,,,,,,,,,,,,,,,,
,,,,,,,,,,,,,,,,,,,,,,,,,
,,,,,,,,,,,,,,,,,,,,,,,,,
,,,,,,,,,,,,,,,,,,,,,,,,,
,,,,,,,,,,,,,,,,,,,,,,,,,
,,,,,,,,,,,,,,,,,,,,,,,,,
,,,,,,,,,,,,,,,,,,,,,,,,,
,,,,,,,,,,,,,,,,,,,,,,,,,
,,,,,,,,,,,,,,,,,,,,,,,,,
,,,,,,,,,,,,,,,,,,,,,,,,,
,,,,,,,,,,,,,,,,,,,,,,,,,
,,,,,,,,,,,,,,,,,,,,,,,,,
,,,,,,,,,,,,,,,,,,,,,,,,,
,,,,,,,,,,,,,,,,,,,,,,,,,
,,,,,,,,,,,,,,,,,,,,,,,,,
,,,,,,,,,,,,,,,,,,,,,,,,,
,,,,,,,,,,,,,,,,,,,,,,,,,
,,,,,,,,,,,,,,,,,,,,,,,,,
,,,,,,,,,,,,,,,,,,,,,,,,,
,,,,,,,,,,,,,,,,,,,,,,,,,
,,,,,,,,,,,,,,,,,,,,,,,,,
,,,,,,,,,,,,,,,,,,,,,,,,,
,,,,,,,,,,,,,,,,,,,,,,,,,
,,,,,,,,,,,,,,,,,,,,,,,,,
,,,,,,,,,,,,,,,,,,,,,,,,,
,,,,,,,,,,,,,,,,,,,,,,,,,
,,,,,,,,,,,,,,,,,,,,,,,,,
,,,,,,,,,,,,,,,,,,,,,,,,,
,,,,,,,,,,,,,,,,,,,,,,,,,
,,,,,,,,,,,,,,,,,,,,,,,,,
,,,,,,,,,,,,,,,,,,,,,,,,,
,,,,,,,,,,,,,,,,,,,,,,,,,
,,,,,,,,,,,,,,,,,,,,,,,,,
,,,,,,,,,,,,,,,,,,,,,,,,,
,,,,,,,,,,,,,,,,,,,,,,,,,
,,,,,,,,,,,,,,,,,,,,,,,,,
,,,,,,,,,,,,,,,,,,,,,,,,,
,,,,,,,,,,,,,,,,,,,,,,,,,
,,,,,,,,,,,,,,,,,,,,,,,,,
,,,,,,,,,,,,,,,,,,,,,,,,,
,,,,,,,,,,,,,,,,,,,,,,,,,
,,,,,,,,,,,,,,,,,,,,,,,,,
,,,,,,,,,,,,,,,,,,,,,,,,,
,,,,,,,,,,,,,,,,,,,,,,,,,
,,,,,,,,,,,,,,,,,,,,,,,,,
,,,,,,,,,,,,,,,,,,,,,,,,,
,,,,,,,,,,,,,,,,,,,,,,,,,
,,,,,,,,,,,,,,,,,,,,,,,,,
,,,,,,,,,,,,,,,,,,,,,,,,,
,,,,,,,,,,,,,,,,,,,,,,,,,
,,,,,,,,,,,,,,,,,,,,,,,,,
,,,,,,,,,,,,,,,,,,,,,,,,,
,,,,,,,,,,,,,,,,,,,,,,,,,
,,,,,,,,,,,,,,,,,,,,,,,,,
,,,,,,,,,,,,,,,,,,,,,,,,,
,,,,,,,,,,,,,,,,,,,,,,,,,
,,,,,,,,,,,,,,,,,,,,,,,,,
,,,,,,,,,,,,,,,,,,,,,,,,,
,,,,,,,,,,,,,,,,,,,,,,,,,
,,,,,,,,,,,,,,,,,,,,,,,,,
,,,,,,,,,,,,,,,,,,,,,,,,,
,,,,,,,,,,,,,,,,,,,,,,,,,
,,,,,,,,,,,,,,,,,,,,,,,,,
,,,,,,,,,,,,,,,,,,,,,,,,,
,,,,,,,,,,,,,,,,,,,,,,,,,
,,,,,,,,,,,,,,,,,,,,,,,,,
,,,,,,,,,,,,,,,,,,,,,,,,,
,,,,,,,,,,,,,,,,,,,,,,,,,
,,,,,,,,,,,,,,,,,,,,,,,,,
,,,,,,,,,,,,,,,,,,,,,,,,,
,,,,,,,,,,,,,,,,,,,,,,,,,
,,,,,,,,,,,,,,,,,,,,,,,,,
,,,,,,,,,,,,,,,,,,,,,,,,,
,,,,,,,,,,,,,,,,,,,,,,,,,
,,,,,,,,,,,,,,,,,,,,,,,,,
,,,,,,,,,,,,,,,,,,,,,,,,,
,,,,,,,,,,,,,,,,,,,,,,,,,
,,,,,,,,,,,,,,,,,,,,,,,,,
,,,,,,,,,,,,,,,,,,,,,,,,,
,,,,,,,,,,,,,,,,,,,,,,,,,
,,,,,,,,,,,,,,,,,,,,,,,,,
,,,,,,,,,,,,,,,,,,,,,,,,,
,,,,,,,,,,,,,,,,,,,,,,,,,
,,,,,,,,,,,,,,,,,,,,,,,,,
,,,,,,,,,,,,,,,,,,,,,,,,,
,,,,,,,,,,,,,,,,,,,,,,,,,
,,,,,,,,,,,,,,,,,,,,,,,,,
,,,,,,,,,,,,,,,,,,,,,,,,,
,,,,,,,,,,,,,,,,,,,,,,,,,
,,,,,,,,,,,,,,,,,,,,,,,,,
,,,,,,,,,,,,,,,,,,,,,,,,,
,,,,,,,,,,,,,,,,,,,,,,,,,
,,,,,,,,,,,,,,,,,,,,,,,,,
,,,,,,,,,,,,,,,,,,,,,,,,,
,,,,,,,,,,,,,,,,,,,,,,,,,
,,,,,,,,,,,,,,,,,,,,,,,,,
,,,,,,,,,,,,,,,,,,,,,,,,,
,,,,,,,,,,,,,,,,,,,,,,,,,
,,,,,,,,,,,,,,,,,,,,,,,,,
,,,,,,,,,,,,,,,,,,,,,,,,,
,,,,,,,,,,,,,,,,,,,,,,,,,
,,,,,,,,,,,,,,,,,,,,,,,,,
,,,,,,,,,,,,,,,,,,,,,,,,,
,,,,,,,,,,,,,,,,,,,,,,,,,
,,,,,,,,,,,,,,,,,,,,,,,,,
,,,,,,,,,,,,,,,,,,,,,,,,,
,,,,,,,,,,,,,,,,,,,,,,,,,
,,,,,,,,,,,,,,,,,,,,,,,,,
,,,,,,,,,,,,,,,,,,,,,,,,,
,,,,,,,,,,,,,,,,,,,,,,,,,
,,,,,,,,,,,,,,,,,,,,,,,,,
,,,,,,,,,,,,,,,,,,,,,,,,,
,,,,,,,,,,,,,,,,,,,,,,,,,
,,,,,,,,,,,,,,,,,,,,,,,,,
,,,,,,,,,,,,,,,,,,,,,,,,,
,,,,,,,,,,,,,,,,,,,,,,,,,
,,,,,,,,,,,,,,,,,,,,,,,,,
,,,,,,,,,,,,,,,,,,,,,,,,,
,,,,,,,,,,,,,,,,,,,,,,,,,
,,,,,,,,,,,,,,,,,,,,,,,,,
,,,,,,,,,,,,,,,,,,,,,,,,,
,,,,,,,,,,,,,,,,,,,,,,,,,
,,,,,,,,,,,,,,,,,,,,,,,,,
,,,,,,,,,,,,,,,,,,,,,,,,,
,,,,,,,,,,,,,,,,,,,,,,,,,
,,,,,,,,,,,,,,,,,,,,,,,,,
,,,,,,,,,,,,,,,,,,,,,,,,,
,,,,,,,,,,,,,,,,,,,,,,,,,
,,,,,,,,,,,,,,,,,,,,,,,,,
,,,,,,,,,,,,,,,,,,,,,,,,,
,,,,,,,,,,,,,,,,,,,,,,,,,
,,,,,,,,,,,,,,,,,,,,,,,,,
,,,,,,,,,,,,,,,,,,,,,,,,,
,,,,,,,,,,,,,,,,,,,,,,,,,
,,,,,,,,,,,,,,,,,,,,,,,,,
,,,,,,,,,,,,,,,,,,,,,,,,,
,,,,,,,,,,,,,,,,,,,,,,,,,
,,,,,,,,,,,,,,,,,,,,,,,,,
,,,,,,,,,,,,,,,,,,,,,,,,,
,,,,,,,,,,,,,,,,,,,,,,,,,
,,,,,,,,,,,,,,,,,,,,,,,,,
,,,,,,,,,,,,,,,,,,,,,,,,,
,,,,,,,,,,,,,,,,,,,,,,,,,
,,,,,,,,,,,,,,,,,,,,,,,,,
,,,,,,,,,,,,,,,,,,,,,,,,,
,,,,,,,,,,,,,,,,,,,,,,,,,
,,,,,,,,,,,,,,,,,,,,,,,,,
,,,,,,,,,,,,,,,,,,,,,,,,,
,,,,,,,,,,,,,,,,,,,,,,,,,
,,,,,,,,,,,,,,,,,,,,,,,,,
,,,,,,,,,,,,,,,,,,,,,,,,,
,,,,,,,,,,,,,,,,,,,,,,,,,
,,,,,,,,,,,,,,,,,,,,,,,,,
,,,,,,,,,,,,,,,,,,,,,,,,,
,,,,,,,,,,,,,,,,,,,,,,,,,
,,,,,,,,,,,,,,,,,,,,,,,,,
,,,,,,,,,,,,,,,,,,,,,,,,,
,,,,,,,,,,,,,,,,,,,,,,,,,
,,,,,,,,,,,,,,,,,,,,,,,,,
,,,,,,,,,,,,,,,,,,,,,,,,,
,,,,,,,,,,,,,,,,,,,,,,,,,
,,,,,,,,,,,,,,,,,,,,,,,,,
,,,,,,,,,,,,,,,,,,,,,,,,,
,,,,,,,,,,,,,,,,,,,,,,,,,
,,,,,,,,,,,,,,,,,,,,,,,,,
,,,,,,,,,,,,,,,,,,,,,,,,,
,,,,,,,,,,,,,,,,,,,,,,,,,
,,,,,,,,,,,,,,,,,,,,,,,,,
,,,,,,,,,,,,,,,,,,,,,,,,,
,,,,,,,,,,,,,,,,,,,,,,,,,
,,,,,,,,,,,,,,,,,,,,,,,,,
,,,,,,,,,,,,,,,,,,,,,,,,,
,,,,,,,,,,,,,,,,,,,,,,,,,
,,,,,,,,,,,,,,,,,,,,,,,,,
,,,,,,,,,,,,,,,,,,,,,,,,,
,,,,,,,,,,,,,,,,,,,,,,,,,
,,,,,,,,,,,,,,,,,,,,,,,,,
,,,,,,,,,,,,,,,,,,,,,,,,,
,,,,,,,,,,,,,,,,,,,,,,,,,
,,,,,,,,,,,,,,,,,,,,,,,,,
,,,,,,,,,,,,,,,,,,,,,,,,,
,,,,,,,,,,,,,,,,,,,,,,,,,
,,,,,,,,,,,,,,,,,,,,,,,,,
,,,,,,,,,,,,,,,,,,,,,,,,,
,,,,,,,,,,,,,,,,,,,,,,,,,
,,,,,,,,,,,,,,,,,,,,,,,,,
,,,,,,,,,,,,,,,,,,,,,,,,,
,,,,,,,,,,,,,,,,,,,,,,,,,
,,,,,,,,,,,,,,,,,,,,,,,,,
,,,,,,,,,,,,,,,,,,,,,,,,,
,,,,,,,,,,,,,,,,,,,,,,,,,
,,,,,,,,,,,,,,,,,,,,,,,,,
,,,,,,,,,,,,,,,,,,,,,,,,,
,,,,,,,,,,,,,,,,,,,,,,,,,
,,,,,,,,,,,,,,,,,,,,,,,,,
,,,,,,,,,,,,,,,,,,,,,,,,,
,,,,,,,,,,,,,,,,,,,,,,,,,
,,,,,,,,,,,,,,,,,,,,,,,,,
,,,,,,,,,,,,,,,,,,,,,,,,,
,,,,,,,,,,,,,,,,,,,,,,,,,
,,,,,,,,,,,,,,,,,,,,,,,,,
,,,,,,,,,,,,,,,,,,,,,,,,,
,,,,,,,,,,,,,,,,,,,,,,,,,
,,,,,,,,,,,,,,,,,,,,,,,,,
,,,,,,,,,,,,,,,,,,,,,,,,,
,,,,,,,,,,,,,,,,,,,,,,,,,
,,,,,,,,,,,,,,,,,,,,,,,,,
,,,,,,,,,,,,,,,,,,,,,,,,,
,,,,,,,,,,,,,,,,,,,,,,,,,
,,,,,,,,,,,,,,,,,,,,,,,,,
,,,,,,,,,,,,,,,,,,,,,,,,,
,,,,,,,,,,,,,,,,,,,,,,,,,
,,,,,,,,,,,,,,,,,,,,,,,,,
,,,,,,,,,,,,,,,,,,,,,,,,,
,,,,,,,,,,,,,,,,,,,,,,,,,
,,,,,,,,,,,,,,,,,,,,,,,,,
,,,,,,,,,,,,,,,,,,,,,,,,,
,,,,,,,,,,,,,,,,,,,,,,,,,
,,,,,,,,,,,,,,,,,,,,,,,,,
,,,,,,,,,,,,,,,,,,,,,,,,,
,,,,,,,,,,,,,,,,,,,,,,,,,
,,,,,,,,,,,,,,,,,,,,,,,,,
,,,,,,,,,,,,,,,,,,,,,,,,,
,,,,,,,,,,,,,,,,,,,,,,,,,
,,,,,,,,,,,,,,,,,,,,,,,,,
,,,,,,,,,,,,,,,,,,,,,,,,,
,,,,,,,,,,,,,,,,,,,,,,,,,
,,,,,,,,,,,,,,,,,,,,,,,,,
,,,,,,,,,,,,,,,,,,,,,,,,,
,,,,,,,,,,,,,,,,,,,,,,,,,
,,,,,,,,,,,,,,,,,,,,,,,,,
,,,,,,,,,,,,,,,,,,,,,,,,,
,,,,,,,,,,,,,,,,,,,,,,,,,
,,,,,,,,,,,,,,,,,,,,,,,,,
,,,,,,,,,,,,,,,,,,,,,,,,,
,,,,,,,,,,,,,,,,,,,,,,,,,
,,,,,,,,,,,,,,,,,,,,,,,,,
,,,,,,,,,,,,,,,,,,,,,,,,,
,,,,,,,,,,,,,,,,,,,,,,,,,
,,,,,,,,,,,,,,,,,,,,,,,,,
,,,,,,,,,,,,,,,,,,,,,,,,,
,,,,,,,,,,,,,,,,,,,,,,,,,
,,,,,,,,,,,,,,,,,,,,,,,,,
,,,,,,,,,,,,,,,,,,,,,,,,,
,,,,,,,,,,,,,,,,,,,,,,,,,
,,,,,,,,,,,,,,,,,,,,,,,,,
,,,,,,,,,,,,,,,,,,,,,,,,,
,,,,,,,,,,,,,,,,,,,,,,,,,
,,,,,,,,,,,,,,,,,,,,,,,,,
,,,,,,,,,,,,,,,,,,,,,,,,,
,,,,,,,,,,,,,,,,,,,,,,,,,
,,,,,,,,,,,,,,,,,,,,,,,,,
,,,,,,,,,,,,,,,,,,,,,,,,,
,,,,,,,,,,,,,,,,,,,,,,,,,
,,,,,,,,,,,,,,,,,,,,,,,,,
,,,,,,,,,,,,,,,,,,,,,,,,,
,,,,,,,,,,,,,,,,,,,,,,,,,
,,,,,,,,,,,,,,,,,,,,,,,,,
,,,,,,,,,,,,,,,,,,,,,,,,,
,,,,,,,,,,,,,,,,,,,,,,,,,
,,,,,,,,,,,,,,,,,,,,,,,,,
,,,,,,,,,,,,,,,,,,,,,,,,,
,,,,,,,,,,,,,,,,,,,,,,,,,
,,,,,,,,,,,,,,,,,,,,,,,,,
,,,,,,,,,,,,,,,,,,,,,,,,,
,,,,,,,,,,,,,,,,,,,,,,,,,
,,,,,,,,,,,,,,,,,,,,,,,,,
,,,,,,,,,,,,,,,,,,,,,,,,,
,,,,,,,,,,,,,,,,,,,,,,,,,
,,,,,,,,,,,,,,,,,,,,,,,,,
,,,,,,,,,,,,,,,,,,,,,,,,,
,,,,,,,,,,,,,,,,,,,,,,,,,
,,,,,,,,,,,,,,,,,,,,,,,,,
,,,,,,,,,,,,,,,,,,,,,,,,,
,,,,,,,,,,,,,,,,,,,,,,,,,
,,,,,,,,,,,,,,,,,,,,,,,,,
,,,,,,,,,,,,,,,,,,,,,,,,,
,,,,,,,,,,,,,,,,,,,,,,,,,
,,,,,,,,,,,,,,,,,,,,,,,,,
,,,,,,,,,,,,,,,,,,,,,,,,,
,,,,,,,,,,,,,,,,,,,,,,,,,
,,,,,,,,,,,,,,,,,,,,,,,,,
,,,,,,,,,,,,,,,,,,,,,,,,,
,,,,,,,,,,,,,,,,,,,,,,,,,
,,,,,,,,,,,,,,,,,,,,,,,,,
,,,,,,,,,,,,,,,,,,,,,,,,,
,,,,,,,,,,,,,,,,,,,,,,,,,
,,,,,,,,,,,,,,,,,,,,,,,,,
,,,,,,,,,,,,,,,,,,,,,,,,,
,,,,,,,,,,,,,,,,,,,,,,,,,
,,,,,,,,,,,,,,,,,,,,,,,,,
,,,,,,,,,,,,,,,,,,,,,,,,,
,,,,,,,,,,,,,,,,,,,,,,,,,
,,,,,,,,,,,,,,,,,,,,,,,,,
,,,,,,,,,,,,,,,,,,,,,,,,,
,,,,,,,,,,,,,,,,,,,,,,,,,
,,,,,,,,,,,,,,,,,,,,,,,,,
,,,,,,,,,,,,,,,,,,,,,,,,,
,,,,,,,,,,,,,,,,,,,,,,,,,
,,,,,,,,,,,,,,,,,,,,,,,,,
,,,,,,,,,,,,,,,,,,,,,,,,,
,,,,,,,,,,,,,,,,,,,,,,,,,
,,,,,,,,,,,,,,,,,,,,,,,,,
,,,,,,,,,,,,,,,,,,,,,,,,,
,,,,,,,,,,,,,,,,,,,,,,,,,
,,,,,,,,,,,,,,,,,,,,,,,,,
,,,,,,,,,,,,,,,,,,,,,,,,,
,,,,,,,,,,,,,,,,,,,,,,,,,
,,,,,,,,,,,,,,,,,,,,,,,,,
,,,,,,,,,,,,,,,,,,,,,,,,,
,,,,,,,,,,,,,,,,,,,,,,,,,
,,,,,,,,,,,,,,,,,,,,,,,,,
,,,,,,,,,,,,,,,,,,,,,,,,,
,,,,,,,,,,,,,,,,,,,,,,,,,
,,,,,,,,,,,,,,,,,,,,,,,,,
,,,,,,,,,,,,,,,,,,,,,,,,,
,,,,,,,,,,,,,,,,,,,,,,,,,
,,,,,,,,,,,,,,,,,,,,,,,,,
,,,,,,,,,,,,,,,,,,,,,,,,,
,,,,,,,,,,,,,,,,,,,,,,,,,
,,,,,,,,,,,,,,,,,,,,,,,,,
,,,,,,,,,,,,,,,,,,,,,,,,,
,,,,,,,,,,,,,,,,,,,,,,,,,
,,,,,,,,,,,,,,,,,,,,,,,,,
,,,,,,,,,,,,,,,,,,,,,,,,,
,,,,,,,,,,,,,,,,,,,,,,,,,
,,,,,,,,,,,,,,,,,,,,,,,,,
,,,,,,,,,,,,,,,,,,,,,,,,,
,,,,,,,,,,,,,,,,,,,,,,,,,
,,,,,,,,,,,,,,,,,,,,,,,,,
,,,,,,,,,,,,,,,,,,,,,,,,,
,,,,,,,,,,,,,,,,,,,,,,,,,
,,,,,,,,,,,,,,,,,,,,,,,,,
,,,,,,,,,,,,,,,,,,,,,,,,,
,,,,,,,,,,,,,,,,,,,,,,,,,
,,,,,,,,,,,,,,,,,,,,,,,,,
,,,,,,,,,,,,,,,,,,,,,,,,,
,,,,,,,,,,,,,,,,,,,,,,,,,
,,,,,,,,,,,,,,,,,,,,,,,,,
,,,,,,,,,,,,,,,,,,,,,,,,,
,,,,,,,,,,,,,,,,,,,,,,,,,
,,,,,,,,,,,,,,,,,,,,,,,,,
,,,,,,,,,,,,,,,,,,,,,,,,,
,,,,,,,,,,,,,,,,,,,,,,,,,
,,,,,,,,,,,,,,,,,,,,,,,,,
,,,,,,,,,,,,,,,,,,,,,,,,,
,,,,,,,,,,,,,,,,,,,,,,,,,
,,,,,,,,,,,,,,,,,,,,,,,,,
,,,,,,,,,,,,,,,,,,,,,,,,,
,,,,,,,,,,,,,,,,,,,,,,,,,
,,,,,,,,,,,,,,,,,,,,,,,,,
,,,,,,,,,,,,,,,,,,,,,,,,,
,,,,,,,,,,,,,,,,,,,,,,,,,
,,,,,,,,,,,,,,,,,,,,,,,,,
,,,,,,,,,,,,,,,,,,,,,,,,,
,,,,,,,,,,,,,,,,,,,,,,,,,
,,,,,,,,,,,,,,,,,,,,,,,,,
,,,,,,,,,,,,,,,,,,,,,,,,,
,,,,,,,,,,,,,,,,,,,,,,,,,
,,,,,,,,,,,,,,,,,,,,,,,,,
,,,,,,,,,,,,,,,,,,,,,,,,,
,,,,,,,,,,,,,,,,,,,,,,,,,
,,,,,,,,,,,,,,,,,,,,,,,,,
,,,,,,,,,,,,,,,,,,,,,,,,,
,,,,,,,,,,,,,,,,,,,,,,,,,
,,,,,,,,,,,,,,,,,,,,,,,,,
,,,,,,,,,,,,,,,,,,,,,,,,,
,,,,,,,,,,,,,,,,,,,,,,,,,
,,,,,,,,,,,,,,,,,,,,,,,,,
,,,,,,,,,,,,,,,,,,,,,,,,,
,,,,,,,,,,,,,,,,,,,,,,,,,
,,,,,,,,,,,,,,,,,,,,,,,,,
,,,,,,,,,,,,,,,,,,,,,,,,,
,,,,,,,,,,,,,,,,,,,,,,,,,
,,,,,,,,,,,,,,,,,,,,,,,,,
,,,,,,,,,,,,,,,,,,,,,,,,,
,,,,,,,,,,,,,,,,,,,,,,,,,
,,,,,,,,,,,,,,,,,,,,,,,,,
,,,,,,,,,,,,,,,,,,,,,,,,,
,,,,,,,,,,,,,,,,,,,,,,,,,
,,,,,,,,,,,,,,,,,,,,,,,,,
,,,,,,,,,,,,,,,,,,,,,,,,,
,,,,,,,,,,,,,,,,,,,,,,,,,
,,,,,,,,,,,,,,,,,,,,,,,,,
,,,,,,,,,,,,,,,,,,,,,,,,,
,,,,,,,,,,,,,,,,,,,,,,,,,
,,,,,,,,,,,,,,,,,,,,,,,,,
,,,,,,,,,,,,,,,,,,,,,,,,,
,,,,,,,,,,,,,,,,,,,,,,,,,
,,,,,,,,,,,,,,,,,,,,,,,,,
,,,,,,,,,,,,,,,,,,,,,,,,,
,,,,,,,,,,,,,,,,,,,,,,,,,
,,,,,,,,,,,,,,,,,,,,,,,,,
,,,,,,,,,,,,,,,,,,,,,,,,,
,,,,,,,,,,,,,,,,,,,,,,,,,
,,,,,,,,,,,,,,,,,,,,,,,,,
,,,,,,,,,,,,,,,,,,,,,,,,,
,,,,,,,,,,,,,,,,,,,,,,,,,
,,,,,,,,,,,,,,,,,,,,,,,,,
,,,,,,,,,,,,,,,,,,,,,,,,,
,,,,,,,,,,,,,,,,,,,,,,,,,
,,,,,,,,,,,,,,,,,,,,,,,,,
,,,,,,,,,,,,,,,,,,,,,,,,,
,,,,,,,,,,,,,,,,,,,,,,,,,
,,,,,,,,,,,,,,,,,,,,,,,,,
,,,,,,,,,,,,,,,,,,,,,,,,,
,,,,,,,,,,,,,,,,,,,,,,,,,
,,,,,,,,,,,,,,,,,,,,,,,,,
,,,,,,,,,,,,,,,,,,,,,,,,,
,,,,,,,,,,,,,,,,,,,,,,,,,
,,,,,,,,,,,,,,,,,,,,,,,,,
,,,,,,,,,,,,,,,,,,,,,,,,,
,,,,,,,,,,,,,,,,,,,,,,,,,
,,,,,,,,,,,,,,,,,,,,,,,,,
,,,,,,,,,,,,,,,,,,,,,,,,,
,,,,,,,,,,,,,,,,,,,,,,,,,
,,,,,,,,,,,,,,,,,,,,,,,,,
,,,,,,,,,,,,,,,,,,,,,,,,,
,,,,,,,,,,,,,,,,,,,,,,,,,
,,,,,,,,,,,,,,,,,,,,,,,,,
,,,,,,,,,,,,,,,,,,,,,,,,,
,,,,,,,,,,,,,,,,,,,,,,,,,
,,,,,,,,,,,,,,,,,,,,,,,,,
,,,,,,,,,,,,,,,,,,,,,,,,,
,,,,,,,,,,,,,,,,,,,,,,,,,
,,,,,,,,,,,,,,,,,,,,,,,,,
,,,,,,,,,,,,,,,,,,,,,,,,,
,,,,,,,,,,,,,,,,,,,,,,,,,
,,,,,,,,,,,,,,,,,,,,,,,,,
,,,,,,,,,,,,,,,,,,,,,,,,,
,,,,,,,,,,,,,,,,,,,,,,,,,
,,,,,,,,,,,,,,,,,,,,,,,,,
,,,,,,,,,,,,,,,,,,,,,,,,,
,,,,,,,,,,,,,,,,,,,,,,,,,
,,,,,,,,,,,,,,,,,,,,,,,,,
,,,,,,,,,,,,,,,,,,,,,,,,,
,,,,,,,,,,,,,,,,,,,,,,,,,
,,,,,,,,,,,,,,,,,,,,,,,,,
,,,,,,,,,,,,,,,,,,,,,,,,,
,,,,,,,,,,,,,,,,,,,,,,,,,
,,,,,,,,,,,,,,,,,,,,,,,,,
,,,,,,,,,,,,,,,,,,,,,,,,,
,,,,,,,,,,,,,,,,,,,,,,,,,
,,,,,,,,,,,,,,,,,,,,,,,,,
,,,,,,,,,,,,,,,,,,,,,,,,,
,,,,,,,,,,,,,,,,,,,,,,,,,
,,,,,,,,,,,,,,,,,,,,,,,,,
,,,,,,,,,,,,,,,,,,,,,,,,,
,,,,,,,,,,,,,,,,,,,,,,,,,
,,,,,,,,,,,,,,,,,,,,,,,,,
,,,,,,,,,,,,,,,,,,,,,,,,,
,,,,,,,,,,,,,,,,,,,,,,,,,
,,,,,,,,,,,,,,,,,,,,,,,,,
,,,,,,,,,,,,,,,,,,,,,,,,,
,,,,,,,,,,,,,,,,,,,,,,,,,
,,,,,,,,,,,,,,,,,,,,,,,,,
,,,,,,,,,,,,,,,,,,,,,,,,,
,,,,,,,,,,,,,,,,,,,,,,,,,
,,,,,,,,,,,,,,,,,,,,,,,,,
,,,,,,,,,,,,,,,,,,,,,,,,,
,,,,,,,,,,,,,,,,,,,,,,,,,
,,,,,,,,,,,,,,,,,,,,,,,,,
,,,,,,,,,,,,,,,,,,,,,,,,,
,,,,,,,,,,,,,,,,,,,,,,,,,
,,,,,,,,,,,,,,,,,,,,,,,,,
,,,,,,,,,,,,,,,,,,,,,,,,,
,,,,,,,,,,,,,,,,,,,,,,,,,
,,,,,,,,,,,,,,,,,,,,,,,,,
,,,,,,,,,,,,,,,,,,,,,,,,,
,,,,,,,,,,,,,,,,,,,,,,,,,
,,,,,,,,,,,,,,,,,,,,,,,,,
,,,,,,,,,,,,,,,,,,,,,,,,,
,,,,,,,,,,,,,,,,,,,,,,,,,
,,,,,,,,,,,,,,,,,,,,,,,,,
,,,,,,,,,,,,,,,,,,,,,,,,,
,,,,,,,,,,,,,,,,,,,,,,,,,
,,,,,,,,,,,,,,,,,,,,,,,,,
,,,,,,,,,,,,,,,,,,,,,,,,,
,,,,,,,,,,,,,,,,,,,,,,,,,
,,,,,,,,,,,,,,,,,,,,,,,,,
,,,,,,,,,,,,,,,,,,,,,,,,,
,,,,,,,,,,,,,,,,,,,,,,,,,
,,,,,,,,,,,,,,,,,,,,,,,,,
,,,,,,,,,,,,,,,,,,,,,,,,,
,,,,,,,,,,,,,,,,,,,,,,,,,
,,,,,,,,,,,,,,,,,,,,,,,,,
,,,,,,,,,,,,,,,,,,,,,,,,,
,,,,,,,,,,,,,,,,,,,,,,,,,
,,,,,,,,,,,,,,,,,,,,,,,,,
,,,,,,,,,,,,,,,,,,,,,,,,,
,,,,,,,,,,,,,,,,,,,,,,,,,
,,,,,,,,,,,,,,,,,,,,,,,,,
,,,,,,,,,,,,,,,,,,,,,,,,,
,,,,,,,,,,,,,,,,,,,,,,,,,
,,,,,,,,,,,,,,,,,,,,,,,,,
,,,,,,,,,,,,,,,,,,,,,,,,,
,,,,,,,,,,,,,,,,,,,,,,,,,
,,,,,,,,,,,,,,,,,,,,,,,,,
,,,,,,,,,,,,,,,,,,,,,,,,,
,,,,,,,,,,,,,,,,,,,,,,,,,
,,,,,,,,,,,,,,,,,,,,,,,,,
,,,,,,,,,,,,,,,,,,,,,,,,,
,,,,,,,,,,,,,,,,,,,,,,,,,
,,,,,,,,,,,,,,,,,,,,,,,,,
,,,,,,,,,,,,,,,,,,,,,,,,,
,,,,,,,,,,,,,,,,,,,,,,,,,
,,,,,,,,,,,,,,,,,,,,,,,,,
,,,,,,,,,,,,,,,,,,,,,,,,,
,,,,,,,,,,,,,,,,,,,,,,,,,
,,,,,,,,,,,,,,,,,,,,,,,,,
,,,,,,,,,,,,,,,,,,,,,,,,,
,,,,,,,,,,,,,,,,,,,,,,,,,
,,,,,,,,,,,,,,,,,,,,,,,,,
,,,,,,,,,,,,,,,,,,,,,,,,,
,,,,,,,,,,,,,,,,,,,,,,,,,
,,,,,,,,,,,,,,,,,,,,,,,,,
,,,,,,,,,,,,,,,,,,,,,,,,,
,,,,,,,,,,,,,,,,,,,,,,,,,
,,,,,,,,,,,,,,,,,,,,,,,,,
,,,,,,,,,,,,,,,,,,,,,,,,,
,,,,,,,,,,,,,,,,,,,,,,,,,
,,,,,,,,,,,,,,,,,,,,,,,,,
,,,,,,,,,,,,,,,,,,,,,,,,,
,,,,,,,,,,,,,,,,,,,,,,,,,
,,,,,,,,,,,,,,,,,,,,,,,,,
,,,,,,,,,,,,,,,,,,,,,,,,,
,,,,,,,,,,,,,,,,,,,,,,,,,
,,,,,,,,,,,,,,,,,,,,,,,,,
,,,,,,,,,,,,,,,,,,,,,,,,,
,,,,,,,,,,,,,,,,,,,,,,,,,
,,,,,,,,,,,,,,,,,,,,,,,,,
,,,,,,,,,,,,,,,,,,,,,,,,,
,,,,,,,,,,,,,,,,,,,,,,,,,
,,,,,,,,,,,,,,,,,,,,,,,,,
,,,,,,,,,,,,,,,,,,,,,,,,,
,,,,,,,,,,,,,,,,,,,,,,,,,
,,,,,,,,,,,,,,,,,,,,,,,,,
,,,,,,,,,,,,,,,,,,,,,,,,,
,,,,,,,,,,,,,,,,,,,,,,,,,
,,,,,,,,,,,,,,,,,,,,,,,,,
,,,,,,,,,,,,,,,,,,,,,,,,,
,,,,,,,,,,,,,,,,,,,,,,,,,
,,,,,,,,,,,,,,,,,,,,,,,,,
,,,,,,,,,,,,,,,,,,,,,,,,,
,,,,,,,,,,,,,,,,,,,,,,,,,
,,,,,,,,,,,,,,,,,,,,,,,,,
,,,,,,,,,,,,,,,,,,,,,,,,,
,,,,,,,,,,,,,,,,,,,,,,,,,
,,,,,,,,,,,,,,,,,,,,,,,,,
,,,,,,,,,,,,,,,,,,,,,,,,,
,,,,,,,,,,,,,,,,,,,,,,,,,
,,,,,,,,,,,,,,,,,,,,,,,,,
,,,,,,,,,,,,,,,,,,,,,,,,,
,,,,,,,,,,,,,,,,,,,,,,,,,
,,,,,,,,,,,,,,,,,,,,,,,,,
,,,,,,,,,,,,,,,,,,,,,,,,,
,,,,,,,,,,,,,,,,,,,,,,,,,
,,,,,,,,,,,,,,,,,,,,,,,,,
,,,,,,,,,,,,,,,,,,,,,,,,,
,,,,,,,,,,,,,,,,,,,,,,,,,
,,,,,,,,,,,,,,,,,,,,,,,,,
,,,,,,,,,,,,,,,,,,,,,,,,,
,,,,,,,,,,,,,,,,,,,,,,,,,
,,,,,,,,,,,,,,,,,,,,,,,,,
,,,,,,,,,,,,,,,,,,,,,,,,,
,,,,,,,,,,,,,,,,,,,,,,,,,
,,,,,,,,,,,,,,,,,,,,,,,,,
,,,,,,,,,,,,,,,,,,,,,,,,,
,,,,,,,,,,,,,,,,,,,,,,,,,
,,,,,,,,,,,,,,,,,,,,,,,,,
,,,,,,,,,,,,,,,,,,,,,,,,,
,,,,,,,,,,,,,,,,,,,,,,,,,
,,,,,,,,,,,,,,,,,,,,,,,,,
,,,,,,,,,,,,,,,,,,,,,,,,,
,,,,,,,,,,,,,,,,,,,,,,,,,
,,,,,,,,,,,,,,,,,,,,,,,,,
,,,,,,,,,,,,,,,,,,,,,,,,,
,,,,,,,,,,,,,,,,,,,,,,,,,
,,,,,,,,,,,,,,,,,,,,,,,,,
,,,,,,,,,,,,,,,,,,,,,,,,,
,,,,,,,,,,,,,,,,,,,,,,,,,
,,,,,,,,,,,,,,,,,,,,,,,,,
,,,,,,,,,,,,,,,,,,,,,,,,,
,,,,,,,,,,,,,,,,,,,,,,,,,
,,,,,,,,,,,,,,,,,,,,,,,,,
,,,,,,,,,,,,,,,,,,,,,,,,,
,,,,,,,,,,,,,,,,,,,,,,,,,
,,,,,,,,,,,,,,,,,,,,,,,,,
,,,,,,,,,,,,,,,,,,,,,,,,,
,,,,,,,,,,,,,,,,,,,,,,,,,
,,,,,,,,,,,,,,,,,,,,,,,,,
,,,,,,,,,,,,,,,,,,,,,,,,,
,,,,,,,,,,,,,,,,,,,,,,,,,
,,,,,,,,,,,,,,,,,,,,,,,,,
,,,,,,,,,,,,,,,,,,,,,,,,,
,,,,,,,,,,,,,,,,,,,,,,,,,
,,,,,,,,,,,,,,,,,,,,,,,,,
,,,,,,,,,,,,,,,,,,,,,,,,,
,,,,,,,,,,,,,,,,,,,,,,,,,
,,,,,,,,,,,,,,,,,,,,,,,,,
,,,,,,,,,,,,,,,,,,,,,,,,,
,,,,,,,,,,,,,,,,,,,,,,,,,
,,,,,,,,,,,,,,,,,,,,,,,,,
,,,,,,,,,,,,,,,,,,,,,,,,,
,,,,,,,,,,,,,,,,,,,,,,,,,
,,,,,,,,,,,,,,,,,,,,,,,,,
,,,,,,,,,,,,,,,,,,,,,,,,,
,,,,,,,,,,,,,,,,,,,,,,,,,
,,,,,,,,,,,,,,,,,,,,,,,,,
,,,,,,,,,,,,,,,,,,,,,,,,,
,,,,,,,,,,,,,,,,,,,,,,,,,
,,,,,,,,,,,,,,,,,,,,,,,,,
,,,,,,,,,,,,,,,,,,,,,,,,,
,,,,,,,,,,,,,,,,,,,,,,,,,
,,,,,,,,,,,,,,,,,,,,,,,,,
,,,,,,,,,,,,,,,,,,,,,,,,,
,,,,,,,,,,,,,,,,,,,,,,,,,
,,,,,,,,,,,,,,,,,,,,,,,,,
,,,,,,,,,,,,,,,,,,,,,,,,,
,,,,,,,,,,,,,,,,,,,,,,,,,
,,,,,,,,,,,,,,,,,,,,,,,,,
,,,,,,,,,,,,,,,,,,,,,,,,,
,,,,,,,,,,,,,,,,,,,,,,,,,
,,,,,,,,,,,,,,,,,,,,,,,,,
,,,,,,,,,,,,,,,,,,,,,,,,,
,,,,,,,,,,,,,,,,,,,,,,,,,
,,,,,,,,,,,,,,,,,,,,,,,,,
,,,,,,,,,,,,,,,,,,,,,,,,,
,,,,,,,,,,,,,,,,,,,,,,,,,
,,,,,,,,,,,,,,,,,,,,,,,,,
,,,,,,,,,,,,,,,,,,,,,,,,,
,,,,,,,,,,,,,,,,,,,,,,,,,
,,,,,,,,,,,,,,,,,,,,,,,,,
,,,,,,,,,,,,,,,,,,,,,,,,,
,,,,,,,,,,,,,,,,,,,,,,,,,
,,,,,,,,,,,,,,,,,,,,,,,,,
,,,,,,,,,,,,,,,,,,,,,,,,,
,,,,,,,,,,,,,,,,,,,,,,,,,
,,,,,,,,,,,,,,,,,,,,,,,,,
,,,,,,,,,,,,,,,,,,,,,,,,,
,,,,,,,,,,,,,,,,,,,,,,,,,
,,,,,,,,,,,,,,,,,,,,,,,,,
,,,,,,,,,,,,,,,,,,,,,,,,,
,,,,,,,,,,,,,,,,,,,,,,,,,
,,,,,,,,,,,,,,,,,,,,,,,,,
,,,,,,,,,,,,,,,,,,,,,,,,,
,,,,,,,,,,,,,,,,,,,,,,,,,
,,,,,,,,,,,,,,,,,,,,,,,,,
,,,,,,,,,,,,,,,,,,,,,,,,,
,,,,,,,,,,,,,,,,,,,,,,,,,
,,,,,,,,,,,,,,,,,,,,,,,,,
,,,,,,,,,,,,,,,,,,,,,,,,,
,,,,,,,,,,,,,,,,,,,,,,,,,
,,,,,,,,,,,,,,,,,,,,,,,,,
,,,,,,,,,,,,,,,,,,,,,,,,,
,,,,,,,,,,,,,,,,,,,,,,,,,
,,,,,,,,,,,,,,,,,,,,,,,,,
,,,,,,,,,,,,,,,,,,,,,,,,,
,,,,,,,,,,,,,,,,,,,,,,,,,
,,,,,,,,,,,,,,,,,,,,,,,,,
,,,,,,,,,,,,,,,,,,,,,,,,,
,,,,,,,,,,,,,,,,,,,,,,,,,
,,,,,,,,,,,,,,,,,,,,,,,,,
,,,,,,,,,,,,,,,,,,,,,,,,,
,,,,,,,,,,,,,,,,,,,,,,,,,
,,,,,,,,,,,,,,,,,,,,,,,,,
,,,,,,,,,,,,,,,,,,,,,,,,,
,,,,,,,,,,,,,,,,,,,,,,,,,
,,,,,,,,,,,,,,,,,,,,,,,,,
,,,,,,,,,,,,,,,,,,,,,,,,,
,,,,,,,,,,,,,,,,,,,,,,,,,
,,,,,,,,,,,,,,,,,,,,,,,,,
,,,,,,,,,,,,,,,,,,,,,,,,,
,,,,,,,,,,,,,,,,,,,,,,,,,
,,,,,,,,,,,,,,,,,,,,,,,,,
